date,open,close,high,low,volume,money
2017-09-25,0.982,0.95,0.982,0.95,76124600.0,73084573.0
2017-09-26,0.953,0.956,0.962,0.95,20895900.0,19954482.0
2017-09-27,0.956,0.963,0.966,0.956,8733500.0,8383671.0
2017-09-28,0.955,0.946,0.962,0.945,6940100.0,6628677.0
2017-09-29,0.946,0.949,0.956,0.946,8949200.0,8517971.0
2017-10-09,0.962,0.96,0.999,0.959,6424400.0,6209225.0
2017-10-10,0.959,0.961,0.961,0.953,3839600.0,3672421.0
2017-10-11,0.961,0.958,0.964,0.957,5830700.0,5596136.0
2017-10-12,0.956,0.954,0.959,0.95,3134700.0,2993642.0
2017-10-13,0.957,0.954,0.958,0.953,2570600.0,2454426.0
2017-10-16,0.955,0.941,0.955,0.941,4705600.0,4467398.0
2017-10-17,0.942,0.942,0.947,0.939,5663900.0,5333858.0
2017-10-18,0.942,0.943,0.946,0.941,1795900.0,1693020.0
2017-10-19,0.941,0.933,0.941,0.931,3076100.0,2874741.0
2017-10-20,0.934,0.944,0.944,0.933,13962700.0,13129505.0
2017-10-23,0.943,0.945,0.947,0.943,2839600.0,2684146.0
2017-10-24,0.946,0.956,0.96,0.943,3609100.0,3435755.0
2017-10-25,0.956,0.961,0.968,0.956,5109800.0,4919077.0
2017-10-26,0.958,0.96,0.962,0.955,3212400.0,3080489.0
2017-10-27,0.96,0.954,0.967,0.953,5818300.0,5587766.0
2017-10-30,0.954,0.954,0.958,0.943,4073500.0,3864885.0
2017-10-31,0.95,0.957,0.958,0.948,5978400.0,5689487.0
2017-11-01,0.955,0.957,0.971,0.955,4422400.0,4261440.0
2017-11-02,0.954,0.952,0.955,0.949,2363400.0,2249592.0
2017-11-03,0.951,0.942,0.951,0.935,4231600.0,3995161.0
2017-11-06,0.94,0.933,0.94,0.928,2091900.0,1948081.0
2017-11-07,0.93,0.94,0.94,0.93,3609100.0,3373859.0
2017-11-08,0.938,0.941,0.947,0.938,9678500.0,9111216.0
2017-11-09,0.94,0.945,0.946,0.94,2200600.0,2071385.0
2017-11-10,0.941,0.94,0.945,0.939,2046200.0,1924219.0
2017-11-13,0.941,0.94,0.943,0.937,3929800.0,3694276.0
2017-11-14,0.936,0.945,0.948,0.935,17555300.0,16525431.0
2017-11-15,0.941,0.948,0.95,0.94,5844600.0,5514737.0
2017-11-16,0.944,0.955,0.959,0.944,4214700.0,4023431.0
2017-11-17,0.955,0.948,0.961,0.947,3478000.0,3324014.0
2017-11-20,0.951,0.945,0.951,0.932,2974900.0,2782898.0
2017-11-21,0.934,0.97,0.973,0.934,6095500.0,5883297.0
2017-11-22,0.975,0.977,0.983,0.97,5102300.0,4991910.0
2017-11-23,0.978,0.956,0.98,0.956,5623800.0,5479521.0
2017-11-24,0.96,0.965,0.967,0.95,2651000.0,2542450.0
2017-11-27,0.965,0.958,0.973,0.955,4631500.0,4470867.0
2017-11-28,0.953,0.955,0.956,0.946,2474700.0,2357453.0
2017-11-29,0.955,0.991,0.993,0.953,6008400.0,5851209.0
2017-11-30,0.99,0.963,0.99,0.962,2272100.0,2219869.0
2017-12-01,0.96,0.967,0.981,0.959,3226300.0,3127056.0
2017-12-04,0.965,0.964,0.967,0.957,10422400.0,10018000.0
2017-12-05,0.957,0.958,0.964,0.957,1494500.0,1435031.0
2017-12-06,0.955,0.953,0.959,0.946,3957200.0,3785568.0
2017-12-07,0.956,0.953,0.978,0.953,3107900.0,2988635.0
2017-12-08,0.95,0.955,0.958,0.945,3869000.0,3683638.0
2017-12-11,0.954,0.959,0.959,0.952,616700.0,589520.0
2017-12-12,0.96,0.955,0.968,0.955,1313100.0,1261054.0
2017-12-13,0.956,0.957,0.958,0.951,333900.0,318767.0
2017-12-14,0.956,0.955,0.959,0.954,1081100.0,1035623.0
2017-12-15,0.951,0.944,0.952,0.943,1152800.0,1092437.0
2017-12-18,0.95,0.934,0.95,0.85,1857300.0,1725287.0
2017-12-19,0.936,0.946,0.946,0.936,1503500.0,1413952.0
2017-12-20,0.946,0.934,0.946,0.931,1576500.0,1472602.0
2017-12-21,0.936,0.948,0.954,0.934,586400.0,553750.0
2017-12-22,0.948,0.945,0.95,0.945,263800.0,250259.0
2017-12-25,0.957,0.953,0.969,0.95,1625500.0,1561057.0
2017-12-26,0.953,0.959,0.959,0.953,2025600.0,1938379.0
2017-12-27,0.958,0.954,0.965,0.952,2465100.0,2364887.0
2017-12-28,0.95,0.953,0.957,0.95,85400.0,81592.0
2017-12-29,0.953,0.967,0.97,0.953,3821400.0,3683883.0
2018-01-02,0.972,0.994,1.001,0.972,8787900.0,8747553.0
2018-01-03,0.994,1.004,1.008,0.99,10867500.0,10907648.0
2018-01-04,1.003,1.006,1.008,0.996,8229700.0,8265106.0
2018-01-05,1.009,1.042,1.065,0.997,21453800.0,22138462.0
2018-01-08,1.1,1.067,1.1,1.05,18934700.0,20257591.0
2018-01-09,1.062,1.069,1.08,1.056,10749200.0,11505710.0
2018-01-10,1.07,1.068,1.085,1.06,4286500.0,4599348.0
2018-01-11,1.065,1.064,1.069,1.052,6694000.0,7097340.0
2018-01-12,1.066,1.079,1.092,1.066,8837500.0,9555245.0
2018-01-15,1.078,1.072,1.09,1.065,8615100.0,9311090.0
2018-01-16,1.065,1.135,1.147,1.065,23812900.0,26346665.0
2018-01-17,1.133,1.121,1.14,1.09,19399800.0,21784686.0
2018-01-18,1.124,1.112,1.124,1.104,11121800.0,12398743.0
2018-01-19,1.11,1.114,1.134,1.095,15165300.0,16993901.0
2018-01-22,1.109,1.11,1.114,1.097,7488000.0,8287441.0
2018-01-23,1.112,1.143,1.147,1.11,18459600.0,20836294.0
2018-01-24,1.14,1.129,1.152,1.125,12078900.0,13765202.0
2018-01-25,1.125,1.115,1.125,1.098,7151200.0,7958386.0
2018-01-26,1.11,1.128,1.138,1.109,13335000.0,15020919.0
2018-01-29,1.128,1.119,1.144,1.11,9356200.0,10566061.0
2018-01-30,1.115,1.092,1.118,1.091,3554000.0,3922067.0
2018-01-31,1.096,1.107,1.116,1.082,6688100.0,7366438.0
2018-02-01,1.107,1.083,1.112,1.078,9713200.0,10646179.0
2018-02-02,1.084,1.081,1.084,1.008,7141200.0,7651178.0
2018-02-05,1.058,1.085,1.086,1.058,4909800.0,5302172.0
2018-02-06,1.065,1.03,1.066,1.025,7000100.0,7335947.0
2018-02-07,1.056,0.983,1.056,0.973,6616000.0,6696677.0
2018-02-08,0.984,0.979,0.994,0.946,3260400.0,3194960.0
2018-02-09,0.934,0.921,0.958,0.91,4757100.0,4412759.0
2018-02-12,0.932,0.943,0.952,0.924,5175300.0,4847254.0
2018-02-13,0.943,0.966,0.982,0.943,3644400.0,3537835.0
2018-02-14,0.96,0.972,0.973,0.953,2864700.0,2761416.0
2018-02-22,0.977,0.985,0.99,0.977,1536600.0,1513631.0
2018-02-23,0.985,0.998,1.009,0.984,6036600.0,6015132.0
2018-02-26,0.995,0.995,1.004,0.967,4023400.0,3957317.0
2018-02-27,0.986,0.972,0.986,0.972,3467200.0,3392916.0
2018-02-28,0.97,0.988,0.991,0.957,8228100.0,8054649.0
2018-03-01,0.977,0.976,0.988,0.962,9813800.0,9630972.0
2018-03-02,0.961,0.976,0.986,0.961,7592100.0,7407974.0
2018-03-05,0.98,0.977,0.99,0.976,5797400.0,5706900.0
2018-03-06,0.984,1.007,1.008,0.968,11628200.0,11489606.0
2018-03-07,1.007,0.997,1.01,0.993,3475100.0,3481034.0
2018-03-08,0.995,1.009,1.009,0.988,2759000.0,2755025.0
2018-03-09,1.009,1.004,1.009,0.999,3501300.0,3514872.0
2018-03-12,1.002,0.989,1.003,0.981,3948300.0,3913116.0
2018-03-13,0.986,0.988,0.995,0.984,3492900.0,3457130.0
2018-03-14,0.983,0.99,0.997,0.979,6453100.0,6368302.0
2018-03-15,0.986,0.982,0.994,0.978,2194600.0,2158248.0
2018-03-16,0.981,0.987,0.996,0.981,4491100.0,4435519.0
2018-03-19,0.986,0.972,0.986,0.969,2567800.0,2497282.0
2018-03-20,0.972,0.966,0.972,0.958,6464800.0,6226896.0
2018-03-21,0.966,0.971,0.984,0.963,6281700.0,6129317.0
2018-03-22,0.964,0.961,0.972,0.957,785200.0,755458.0
2018-03-23,0.945,0.927,0.956,0.909,2311500.0,2147348.0
2018-03-26,0.927,0.922,0.927,0.908,915000.0,836006.0
2018-03-27,0.94,0.936,0.943,0.93,3341900.0,3128657.0
2018-03-28,0.922,0.935,0.945,0.922,2752000.0,2574347.0
2018-03-29,0.94,0.971,0.988,0.925,4957800.0,4751471.0
2018-03-30,0.971,0.961,0.971,0.955,2799900.0,2693957.0
2018-04-02,0.962,0.961,0.978,0.958,6476700.0,6270344.0
2018-04-03,0.948,0.954,0.96,0.944,6268200.0,5966181.0
2018-04-04,0.95,0.947,0.961,0.946,3208900.0,3067271.0
2018-04-09,0.947,0.939,0.948,0.933,1920100.0,1804443.0
2018-04-10,0.94,0.96,0.96,0.94,3019900.0,2870826.0
2018-04-11,0.96,0.971,0.978,0.956,4732500.0,4567135.0
2018-04-12,0.963,0.959,0.979,0.955,1555300.0,1497121.0
2018-04-13,0.961,0.95,0.969,0.948,634800.0,609511.0
2018-04-16,0.947,0.928,0.949,0.923,1763900.0,1642435.0
2018-04-17,0.929,0.916,0.929,0.912,1880500.0,1728500.0
2018-04-18,0.922,0.921,0.928,0.909,2322700.0,2132614.0
2018-04-19,0.923,0.922,0.927,0.903,678100.0,625059.0
2018-04-20,0.921,0.906,0.921,0.906,1352900.0,1233348.0
2018-04-23,0.909,0.907,0.912,0.9,1537900.0,1394777.0
2018-04-24,0.907,0.929,0.934,0.907,3190100.0,2967360.0
2018-04-25,0.928,0.92,0.928,0.919,1304800.0,1201756.0
2018-04-26,0.925,0.903,0.925,0.903,2502600.0,2285607.0
2018-04-27,0.91,0.9,0.91,0.889,3484100.0,3121426.0
2018-05-02,0.901,0.901,0.905,0.897,1194900.0,1077348.0
2018-05-03,0.9,0.903,0.906,0.892,856100.0,768165.0
2018-05-04,0.905,0.904,0.911,0.903,2111500.0,1915611.0
2018-05-07,0.91,0.914,0.916,0.902,2579700.0,2350249.0
2018-05-08,0.914,0.928,0.934,0.914,2931400.0,2715011.0
2018-05-09,0.928,0.924,0.93,0.921,1368700.0,1269551.0
2018-05-10,0.929,0.93,0.93,0.92,420800.0,389685.0
2018-05-11,0.928,0.922,0.93,0.922,1499100.0,1389784.0
2018-05-14,0.928,0.917,0.928,0.915,1168000.0,1074207.0
2018-05-15,0.92,0.921,0.921,0.915,237800.0,218376.0
2018-05-16,0.921,0.915,0.922,0.912,477500.0,437325.0
2018-05-17,0.915,0.911,0.921,0.911,1853800.0,1699235.0
2018-05-18,0.911,0.916,0.917,0.906,607400.0,553734.0
2018-05-21,0.917,0.916,0.92,0.915,558600.0,512828.0
2018-05-22,0.914,0.907,0.914,0.903,1062200.0,962048.0
2018-05-23,0.906,0.897,0.906,0.896,712300.0,640716.0
2018-05-24,0.895,0.894,0.898,0.891,757300.0,677530.0
2018-05-25,0.895,0.888,0.895,0.887,1416700.0,1264167.0
2018-05-28,0.888,0.883,0.89,0.881,515100.0,455434.0
2018-05-29,0.885,0.87,0.89,0.862,2014100.0,1751580.0
2018-05-30,0.863,0.848,0.863,0.847,1467300.0,1252561.0
2018-05-31,0.851,0.86,0.865,0.842,3206900.0,2722230.0
2018-06-01,0.861,0.858,0.868,0.852,2664000.0,2293009.0
2018-06-04,0.862,0.871,0.874,0.858,3155900.0,2737692.0
2018-06-05,0.875,0.876,0.878,0.866,1434500.0,1250835.0
2018-06-06,0.875,0.872,0.878,0.87,1427800.0,1243687.0
2018-06-07,0.873,0.878,0.882,0.873,1669600.0,1464461.0
2018-06-08,0.872,0.866,0.873,0.86,761300.0,658049.0
2018-06-11,0.861,0.874,0.879,0.861,4594700.0,4004563.0
2018-06-12,0.875,0.877,0.883,0.868,1497600.0,1311859.0
2018-06-13,0.876,0.873,0.887,0.873,3960700.0,3489443.0
2018-06-14,0.873,0.87,0.879,0.865,684100.0,595665.0
2018-06-15,0.868,0.876,0.889,0.868,3326600.0,2929937.0
2018-06-19,0.871,0.832,0.871,0.823,1582400.0,1336047.0
2018-06-20,0.838,0.844,0.845,0.828,1520800.0,1270979.0
2018-06-21,0.845,0.847,0.862,0.84,2199000.0,1874733.0
2018-06-22,0.847,0.849,0.851,0.836,1560700.0,1319633.0
2018-06-25,0.86,0.827,0.86,0.826,807400.0,676512.0
2018-06-26,0.825,0.805,0.825,0.785,2006600.0,1607720.0
2018-06-27,0.805,0.783,0.805,0.776,1759800.0,1378763.0
2018-06-28,0.782,0.772,0.787,0.772,354200.0,276341.0
2018-06-29,0.778,0.793,0.793,0.772,1076400.0,845564.0
2018-07-02,0.793,0.761,0.793,0.755,1950100.0,1508293.0
2018-07-03,0.762,0.765,0.766,0.748,1216400.0,923263.0
2018-07-04,0.761,0.752,0.764,0.751,760700.0,574732.0
2018-07-05,0.755,0.739,0.755,0.738,811400.0,604179.0
2018-07-06,0.739,0.741,0.743,0.721,1091400.0,799268.0
2018-07-09,0.741,0.755,0.755,0.741,1427200.0,1072148.0
2018-07-10,0.751,0.763,0.769,0.751,6027100.0,4576386.0
2018-07-11,0.752,0.746,0.752,0.739,691300.0,515918.0
2018-07-12,0.747,0.76,0.763,0.747,448200.0,340340.0
2018-07-13,0.76,0.764,0.782,0.76,2792400.0,2150209.0
2018-07-16,0.76,0.754,0.762,0.748,801300.0,604794.0
2018-07-17,0.748,0.751,0.754,0.745,748300.0,560967.0
2018-07-18,0.751,0.744,0.752,0.744,601200.0,450212.0
2018-07-19,0.745,0.74,0.747,0.739,555700.0,413973.0
2018-07-20,0.74,0.751,0.755,0.732,915800.0,681644.0
2018-07-23,0.75,0.765,0.769,0.745,941200.0,716499.0
2018-07-24,0.77,0.785,0.795,0.77,2755700.0,2166637.0
2018-07-25,0.785,0.786,0.789,0.779,1524600.0,1195021.0
2018-07-26,0.786,0.783,0.794,0.78,3742200.0,2950211.0
2018-07-27,0.778,0.782,0.787,0.774,3026000.0,2357102.0
2018-07-30,0.785,0.775,0.785,0.77,3421400.0,2669969.0
2018-07-31,0.779,0.784,0.785,0.775,2006400.0,1565230.0
2018-08-01,0.78,0.757,0.78,0.757,1723600.0,1323527.0
2018-08-02,0.75,0.734,0.751,0.72,2320100.0,1702807.0
2018-08-03,0.738,0.727,0.739,0.726,970100.0,709321.0
2018-08-06,0.727,0.711,0.727,0.708,1424800.0,1021230.0
2018-08-07,0.709,0.732,0.735,0.709,1895000.0,1377049.0
2018-08-08,0.732,0.724,0.738,0.724,2546800.0,1868999.0
2018-08-09,0.724,0.741,0.744,0.724,1258700.0,920674.0
2018-08-10,0.741,0.756,0.765,0.741,1159300.0,876521.0
2018-08-13,0.75,0.75,0.75,0.736,1045700.0,775665.0
2018-08-14,0.741,0.736,0.744,0.736,1132800.0,838569.0
2018-08-15,0.736,0.732,0.736,0.73,1282500.0,941022.0
2018-08-16,0.73,0.731,0.737,0.721,277200.0,202141.0
2018-08-17,0.736,0.725,0.738,0.725,206000.0,150512.0
2018-08-20,0.731,0.728,0.731,0.721,211800.0,153410.0
2018-08-21,0.733,0.735,0.743,0.73,355100.0,262514.0
2018-08-22,0.735,0.736,0.742,0.735,141100.0,103819.0
2018-08-23,0.736,0.738,0.74,0.729,128400.0,94319.0
2018-08-24,0.732,0.735,0.739,0.73,406600.0,299495.0
2018-08-27,0.739,0.752,0.755,0.739,457900.0,341272.0
2018-08-28,0.752,0.757,0.757,0.752,487000.0,367409.0
2018-08-29,0.755,0.756,0.76,0.754,284800.0,216077.0
2018-08-30,0.759,0.75,0.759,0.75,397400.0,300175.0
2018-08-31,0.746,0.753,0.76,0.744,1205000.0,908999.0
2018-09-03,0.745,0.749,0.756,0.745,1563000.0,1175708.0
2018-09-04,0.749,0.761,0.762,0.749,1075100.0,811254.0
2018-09-05,0.762,0.745,0.762,0.745,738800.0,552550.0
2018-09-06,0.745,0.737,0.749,0.733,3396500.0,2519936.0
2018-09-07,0.739,0.741,0.746,0.733,3396900.0,2508420.0
2018-09-10,0.742,0.736,0.747,0.736,1723000.0,1277430.0
2018-09-11,0.736,0.732,0.74,0.729,585100.0,431388.0
2018-09-12,0.732,0.729,0.734,0.727,867900.0,634180.0
2018-09-13,0.739,0.736,0.739,0.728,161000.0,118487.0
2018-09-14,0.745,0.737,0.745,0.73,767100.0,563419.0
2018-09-17,0.732,0.728,0.733,0.724,43100.0,31323.0
2018-09-18,0.726,0.734,0.737,0.723,342800.0,250144.0
2018-09-19,0.734,0.762,0.766,0.734,5198300.0,3920835.0
2018-09-20,0.75,0.759,0.768,0.75,2007700.0,1525405.0
2018-09-21,0.762,0.781,0.784,0.758,1737600.0,1349941.0
2018-09-25,0.775,0.758,0.775,0.752,1156400.0,877326.0
2018-09-26,0.758,0.758,0.764,0.75,1636700.0,1236526.0
2018-09-27,0.751,0.749,0.756,0.748,798400.0,600617.0
2018-09-28,0.749,0.752,0.756,0.747,1827900.0,1375286.0
2018-10-08,0.752,0.719,0.752,0.717,2666700.0,1928401.0
2018-10-09,0.719,0.712,0.719,0.708,861500.0,611969.0
2018-10-10,0.712,0.709,0.716,0.705,965100.0,685569.0
2018-10-11,0.68,0.667,0.694,0.66,1199700.0,812003.0
2018-10-12,0.665,0.67,0.67,0.647,2042300.0,1355585.0
2018-10-15,0.669,0.658,0.671,0.656,531100.0,354272.0
2018-10-16,0.659,0.64,0.664,0.638,157400.0,101910.0
2018-10-17,0.65,0.648,0.65,0.64,736100.0,475707.0
2018-10-18,0.641,0.633,0.642,0.633,383200.0,244424.0
2018-10-19,0.631,0.654,0.654,0.602,310900.0,199999.0
2018-10-22,0.656,0.679,0.689,0.656,1269300.0,864809.0
2018-10-23,0.679,0.672,0.686,0.668,140700.0,95146.0
2018-10-24,0.676,0.674,0.686,0.671,108000.0,73193.0
2018-10-25,0.67,0.689,0.692,0.657,1060600.0,723904.0
2018-10-26,0.686,0.726,0.75,0.686,2175800.0,1559173.0
2018-10-29,0.715,0.69,0.715,0.684,2067200.0,1434798.0
2018-10-30,0.69,0.71,0.711,0.686,2005200.0,1401648.0
2018-10-31,0.709,0.714,0.717,0.697,1605900.0,1131156.0
2018-11-01,0.722,0.719,0.731,0.717,955300.0,691738.0
2018-11-02,0.734,0.728,0.734,0.71,1294900.0,934203.0
2018-11-05,0.711,0.721,0.721,0.711,504600.0,361592.0
2018-11-06,0.721,0.728,0.73,0.717,2710700.0,1959590.0
2018-11-07,0.726,0.722,0.732,0.72,1965200.0,1423249.0
2018-11-08,0.721,0.722,0.731,0.721,1471500.0,1070649.0
2018-11-09,0.722,0.72,0.725,0.716,577700.0,416518.0
2018-11-12,0.721,0.733,0.734,0.718,1180100.0,857717.0
2018-11-13,0.725,0.749,0.75,0.725,4064400.0,2977624.0
2018-11-14,0.749,0.747,0.758,0.745,2075800.0,1554095.0
2018-11-15,0.74,0.755,0.756,0.74,467200.0,350749.0
2018-11-16,0.755,0.773,0.777,0.752,735000.0,562324.0
2018-11-19,0.78,0.799,0.8,0.778,5047900.0,4000617.0
2018-11-20,0.799,0.773,0.799,0.773,3500900.0,2764320.0
2018-11-21,0.756,0.791,0.799,0.756,3744100.0,2924623.0
2018-11-22,0.791,0.779,0.791,0.771,728500.0,566195.0
2018-11-23,0.779,0.751,0.779,0.745,1108300.0,838657.0
2018-11-26,0.751,0.748,0.761,0.747,993500.0,746956.0
2018-11-27,0.749,0.746,0.755,0.742,2456500.0,1844627.0
2018-11-28,0.747,0.762,0.762,0.746,4953200.0,3722324.0
2018-11-29,0.768,0.744,0.769,0.741,1852700.0,1408990.0
2018-11-30,0.74,0.749,0.749,0.73,1424000.0,1056086.0
2018-12-03,0.749,0.754,0.764,0.741,913600.0,689141.0
2018-12-04,0.751,0.753,0.771,0.745,5581800.0,4189201.0
2018-12-05,0.742,0.745,0.753,0.74,1728300.0,1288928.0
2018-12-06,0.742,0.735,0.743,0.735,1071300.0,791349.0
2018-12-07,0.738,0.739,0.746,0.738,1311400.0,974751.0
2018-12-10,0.739,0.73,0.74,0.73,1216100.0,895880.0
2018-12-11,0.732,0.751,0.751,0.732,2333400.0,1731234.0
2018-12-12,0.753,0.75,0.758,0.749,7500600.0,5638161.0
2018-12-13,0.751,0.769,0.771,0.751,4598300.0,3494530.0
2018-12-14,0.769,0.747,0.769,0.747,1891200.0,1430373.0
2018-12-17,0.745,0.749,0.78,0.739,465700.0,347131.0
2018-12-18,0.746,0.733,0.746,0.726,402600.0,295495.0
2018-12-19,0.74,0.731,0.742,0.728,1512600.0,1116069.0
2018-12-20,0.731,0.731,0.747,0.727,5623300.0,4102181.0
2018-12-21,0.724,0.716,0.724,0.708,4502600.0,3193371.0
2018-12-24,0.716,0.712,0.716,0.706,1358400.0,961773.0
2018-12-25,0.711,0.708,0.711,0.696,617000.0,432368.0
2018-12-26,0.707,0.71,0.71,0.702,315500.0,222665.0
2018-12-27,0.72,0.705,0.72,0.704,1374800.0,982855.0
2018-12-28,0.705,0.706,0.71,0.701,1119400.0,786890.0
2019-01-02,0.706,0.701,0.706,0.698,227000.0,159445.0
2019-01-03,0.701,0.702,0.71,0.7,61700.0,43329.0
2019-01-04,0.698,0.72,0.72,0.697,351200.0,248367.0
2019-01-07,0.729,0.733,0.771,0.725,1668100.0,1221260.0
2019-01-08,0.727,0.722,0.727,0.719,1512500.0,1092013.0
2019-01-09,0.722,0.727,0.737,0.722,1866100.0,1366935.0
2019-01-10,0.727,0.722,0.728,0.72,1613000.0,1169424.0
2019-01-11,0.722,0.727,0.727,0.72,1457300.0,1055550.0
2019-01-14,0.728,0.719,0.728,0.718,1329300.0,962337.0
2019-01-15,0.717,0.727,0.727,0.709,839400.0,604490.0
2019-01-16,0.727,0.734,0.739,0.723,2030800.0,1478199.0
2019-01-17,0.73,0.727,0.732,0.724,659200.0,480745.0
2019-01-18,0.727,0.733,0.734,0.725,2611200.0,1905404.0
2019-01-21,0.733,0.732,0.737,0.726,5134500.0,3767698.0
2019-01-22,0.731,0.728,0.741,0.726,2158900.0,1585378.0
2019-01-23,0.727,0.726,0.727,0.722,1131100.0,819877.0
2019-01-24,0.724,0.728,0.728,0.721,451500.0,326738.0
2019-01-25,0.729,0.732,0.739,0.728,12456900.0,9153560.0
2019-01-28,0.732,0.74,0.747,0.727,3225400.0,2369910.0
2019-01-29,0.73,0.734,0.739,0.719,3265100.0,2381805.0
2019-01-30,0.732,0.737,0.759,0.732,6086200.0,4549964.0
2019-01-31,0.737,0.741,0.746,0.737,2703900.0,2000395.0
2019-02-01,0.743,0.746,0.746,0.734,1677700.0,1241439.0
2019-02-11,0.745,0.759,0.759,0.74,1441900.0,1080126.0
2019-02-12,0.758,0.761,0.761,0.75,1552300.0,1177051.0
2019-02-13,0.761,0.775,0.776,0.758,3085500.0,2362992.0
2019-02-14,0.771,0.776,0.778,0.77,3112200.0,2411746.0
2019-02-15,0.776,0.76,0.776,0.76,1698400.0,1302650.0
2019-02-18,0.76,0.78,0.785,0.76,3994200.0,3081461.0
2019-02-19,0.78,0.787,0.791,0.778,2320800.0,1826069.0
2019-02-20,0.78,0.793,0.798,0.772,1278300.0,1007837.0
2019-02-21,0.79,0.78,0.797,0.78,2174000.0,1721283.0
2019-02-22,0.78,0.795,0.795,0.777,874200.0,685711.0
2019-02-25,0.795,0.853,0.853,0.795,4077900.0,3335914.0
2019-02-26,0.856,0.838,0.858,0.832,6380300.0,5382551.0
2019-02-27,0.836,0.841,0.856,0.833,4693100.0,3962022.0
2019-02-28,0.841,0.842,0.858,0.839,4969800.0,4233457.0
2019-03-01,0.842,0.843,0.845,0.828,4247300.0,3559497.0
2019-03-04,0.844,0.878,0.889,0.844,7944600.0,6894031.0
2019-03-05,0.878,0.895,0.899,0.86,12906600.0,11394772.0
2019-03-06,0.895,0.899,0.899,0.884,5658500.0,5041503.0
2019-03-07,0.885,0.891,0.902,0.88,5062900.0,4501581.0
2019-03-08,0.88,0.85,0.887,0.84,2788400.0,2421212.0
2019-03-11,0.85,0.864,0.865,0.835,3978200.0,3369187.0
2019-03-12,0.861,0.874,0.888,0.861,2325800.0,2042903.0
2019-03-13,0.874,0.899,0.907,0.871,3774800.0,3381470.0
2019-03-14,0.918,0.883,0.919,0.868,4233300.0,3762239.0
2019-03-15,0.88,0.911,0.919,0.86,3099500.0,2803910.0
2019-03-18,0.92,0.932,0.933,0.895,2912800.0,2657726.0
2019-03-19,0.932,0.933,0.951,0.926,5181800.0,4866902.0
2019-03-20,0.933,0.943,0.944,0.91,4181900.0,3902434.0
2019-03-21,0.952,0.941,0.965,0.935,5875900.0,5564722.0
2019-03-22,0.941,0.942,0.946,0.927,2960900.0,2765814.0
2019-03-25,0.933,0.928,0.942,0.92,4847100.0,4542564.0
2019-03-26,0.928,0.917,0.931,0.904,2223800.0,2033931.0
2019-03-27,0.917,0.919,0.93,0.901,1769800.0,1611078.0
2019-03-28,0.915,0.899,0.917,0.882,1856200.0,1674588.0
2019-03-29,0.893,0.94,0.95,0.893,3571000.0,3303116.0
2019-04-01,0.96,0.982,0.988,0.96,8429200.0,8255571.0
2019-04-02,0.991,0.99,0.991,0.971,4690100.0,4598500.0
2019-04-03,0.988,0.998,1.089,0.969,7013800.0,6992246.0
2019-04-04,1.02,0.999,1.02,0.987,10158300.0,10156944.0
2019-04-08,1.001,0.987,1.011,0.975,9245700.0,9206174.0
2019-04-09,0.993,1.015,1.021,0.993,10635500.0,10731012.0
2019-04-10,1.02,1.01,1.02,1.0,7472700.0,7535240.0
2019-04-11,1.012,0.989,1.014,0.985,11649900.0,11614048.0
2019-04-12,0.989,0.993,0.996,0.975,3550200.0,3497886.0
2019-04-15,1.012,0.977,1.02,0.977,3600600.0,3590762.0
2019-04-16,0.977,0.992,0.992,0.95,3424100.0,3317517.0
2019-04-17,0.993,0.982,0.993,0.977,2945600.0,2896847.0
2019-04-18,0.974,0.978,0.981,0.968,6487000.0,6312502.0
2019-04-19,0.967,0.978,0.98,0.963,4266900.0,4148141.0
2019-04-22,0.97,0.948,0.97,0.94,5381000.0,5123560.0
2019-04-23,0.944,0.948,0.955,0.939,1792000.0,1695081.0
2019-04-24,0.949,0.944,0.949,0.931,2586400.0,2430816.0
2019-04-25,0.942,0.921,0.945,0.917,2672600.0,2480827.0
2019-04-26,0.917,0.905,0.922,0.905,2616600.0,2386381.0
2019-04-29,0.906,0.898,0.913,0.896,2199400.0,1987897.0
2019-04-30,0.898,0.906,0.91,0.895,2228600.0,2015194.0
2019-05-06,0.89,0.847,0.89,0.836,3984100.0,3416411.0
2019-05-07,0.867,0.855,0.867,0.847,2581900.0,2208828.0
2019-05-08,0.845,0.858,0.867,0.844,1012500.0,865090.0
2019-05-09,0.85,0.837,0.857,0.836,990800.0,836127.0
2019-05-10,0.85,0.867,0.869,0.831,2638900.0,2254575.0
2019-05-13,0.867,0.865,0.867,0.854,541900.0,466308.0
2019-05-14,0.848,0.861,0.866,0.848,2318400.0,1989271.0
2019-05-15,0.865,0.874,0.875,0.863,3232500.0,2806988.0
2019-05-16,0.864,0.878,0.879,0.864,398100.0,347174.0
2019-05-17,0.878,0.853,0.88,0.85,769400.0,664785.0
2019-05-20,0.853,0.842,0.853,0.834,940700.0,790790.0
2019-05-21,0.842,0.853,0.861,0.842,963100.0,822957.0
2019-05-22,0.855,0.851,0.855,0.847,114100.0,97170.0
2019-05-23,0.844,0.844,0.854,0.836,3995900.0,3356738.0
2019-05-24,0.844,0.838,0.844,0.834,803300.0,673592.0
2019-05-27,0.835,0.847,0.853,0.833,2854200.0,2391716.0
2019-05-28,0.854,0.857,0.863,0.85,2082600.0,1782420.0
2019-05-29,0.857,0.854,0.859,0.851,547300.0,467810.0
2019-05-30,0.848,0.848,0.848,0.841,520900.0,440249.0
2019-05-31,0.85,0.85,0.854,0.846,375800.0,319034.0
2019-06-03,0.849,0.849,0.855,0.838,321100.0,271859.0
2019-06-04,0.85,0.834,0.85,0.831,1346000.0,1122384.0
2019-06-05,0.844,0.845,0.853,0.835,2166900.0,1833450.0
2019-06-06,0.845,0.837,0.845,0.83,431200.0,360212.0
2019-06-10,0.843,0.845,0.85,0.838,1156900.0,979692.0
2019-06-11,0.845,0.875,0.888,0.845,5350000.0,4601785.0
2019-06-12,0.867,0.86,0.867,0.858,2676600.0,2304480.0
2019-06-13,0.856,0.858,0.86,0.85,1327600.0,1137815.0
2019-06-14,0.858,0.855,0.865,0.852,1011700.0,870092.0
2019-06-17,0.844,0.861,0.861,0.844,462100.0,394517.0
2019-06-18,0.854,0.848,0.854,0.844,1980300.0,1679140.0
2019-06-19,0.854,0.854,0.869,0.85,3488300.0,2995908.0
2019-06-20,0.854,0.869,0.872,0.853,2374600.0,2042710.0
2019-06-21,0.866,0.875,0.878,0.866,1785500.0,1560375.0
2019-06-24,0.875,0.872,0.875,0.864,974100.0,847337.0
2019-06-25,0.872,0.867,0.872,0.856,947800.0,816011.0
2019-06-26,0.857,0.865,0.868,0.857,1836400.0,1588531.0
2019-06-27,0.865,0.865,0.872,0.861,3635600.0,3151999.0
2019-06-28,0.865,0.865,0.866,0.858,1320600.0,1140183.0
2019-07-01,0.874,0.886,0.886,0.87,1397600.0,1224149.0
2019-07-02,0.88,0.885,0.886,0.875,917500.0,807005.0
2019-07-03,0.885,0.896,0.899,0.88,5113500.0,4562755.0
2019-07-04,0.882,0.899,0.91,0.882,53151900.0,47820524.0
2019-07-05,0.898,0.885,0.898,0.88,5486100.0,4853054.0
2019-07-08,0.885,0.864,0.885,0.856,3824800.0,3323579.0
2019-07-09,0.866,0.864,0.873,0.861,3459400.0,3000678.0
2019-07-10,0.865,0.859,0.865,0.855,576700.0,495540.0
2019-07-11,0.863,0.857,0.866,0.852,3163100.0,2714222.0
2019-07-12,0.857,0.864,0.866,0.852,2790200.0,2402351.0
2019-07-15,0.869,0.865,0.869,0.835,2433300.0,2093947.0
2019-07-16,0.864,0.873,0.875,0.86,3617700.0,3144903.0
2019-07-17,0.874,0.878,0.88,0.87,2251900.0,1973275.0
2019-07-18,0.875,0.866,0.875,0.866,1612100.0,1402631.0
2019-07-19,0.867,0.89,0.893,0.867,6202300.0,5494329.0
2019-07-22,0.89,0.887,0.896,0.88,3603400.0,3204761.0
2019-07-23,0.884,0.873,0.885,0.869,3240500.0,2841732.0
2019-07-24,0.875,0.875,0.879,0.872,1756900.0,1539137.0
2019-07-25,0.871,0.875,0.875,0.868,1401200.0,1220348.0
2019-07-26,0.873,0.876,0.878,0.87,1769700.0,1544477.0
2019-07-29,0.875,0.871,0.877,0.87,560800.0,489125.0
2019-07-30,0.871,0.879,0.88,0.871,2519300.0,2210076.0
2019-07-31,0.874,0.857,0.877,0.854,5733300.0,4929849.0
2019-08-01,0.856,0.84,0.856,0.839,2282300.0,1926651.0
2019-08-02,0.826,0.828,0.829,0.82,1561100.0,1285326.0
2019-08-05,0.825,0.81,0.825,0.808,1549200.0,1261874.0
2019-08-06,0.805,0.798,0.805,0.784,2529500.0,2011372.0
2019-08-07,0.798,0.802,0.806,0.798,2049900.0,1646460.0
2019-08-08,0.807,0.802,0.807,0.8,721500.0,578168.0
2019-08-09,0.804,0.794,0.804,0.789,3019800.0,2398318.0
2019-08-12,0.794,0.801,0.802,0.791,760500.0,606815.0
2019-08-13,0.802,0.795,0.802,0.793,583200.0,463229.0
2019-08-14,0.797,0.795,0.802,0.794,886300.0,708084.0
2019-08-15,0.791,0.798,0.8,0.783,1801700.0,1428791.0
2019-08-16,0.798,0.799,0.805,0.798,1067100.0,855463.0
2019-08-19,0.805,0.824,0.825,0.805,2424600.0,1977168.0
2019-08-20,0.825,0.829,0.833,0.824,3212500.0,2662648.0
2019-08-21,0.827,0.831,0.835,0.827,1495900.0,1246997.0
2019-08-22,0.831,0.826,0.831,0.823,474100.0,391701.0
2019-08-23,0.824,0.829,0.83,0.824,3542700.0,2928479.0
2019-08-26,0.829,0.818,0.829,0.809,4724600.0,3841340.0
2019-08-27,0.821,0.833,0.84,0.821,4871400.0,4055473.0
2019-08-28,0.832,0.831,0.835,0.828,445700.0,370197.0
2019-08-29,0.835,0.823,0.835,0.822,5024900.0,4161587.0
2019-08-30,0.829,0.817,0.83,0.814,1342200.0,1105950.0
2019-09-02,0.82,0.826,0.829,0.82,2160400.0,1781947.0
2019-09-03,0.826,0.823,0.827,0.82,2150800.0,1770184.0
2019-09-04,0.823,0.846,0.848,0.823,8615500.0,7238123.0
2019-09-05,0.851,0.844,0.86,0.844,12318200.0,10501924.0
2019-09-06,0.844,0.848,0.85,0.841,3508800.0,2962692.0
2019-09-09,0.854,0.86,0.86,0.853,4242100.0,3632893.0
2019-09-10,0.853,0.856,0.858,0.845,1750600.0,1489980.0
2019-09-11,0.865,0.852,0.866,0.85,1485900.0,1270609.0
2019-09-12,0.856,0.871,0.875,0.853,4611800.0,4002184.0
2019-09-16,0.882,0.867,0.882,0.862,2021900.0,1759355.0
2019-09-17,0.868,0.851,0.868,0.846,2326100.0,1987270.0
2019-09-18,0.849,0.86,0.866,0.849,2458300.0,2115761.0
2019-09-19,0.86,0.862,0.862,0.855,1655000.0,1419854.0
2019-09-20,0.862,0.859,0.862,0.854,1176000.0,1007619.0
2019-09-23,0.88,0.844,0.88,0.838,2050100.0,1740157.0
2019-09-24,0.845,0.844,0.85,0.841,614000.0,518621.0
2019-09-25,0.837,0.838,0.843,0.837,1270400.0,1065556.0
2019-09-26,0.84,0.836,0.848,0.834,1566300.0,1320388.0
2019-09-27,0.834,0.833,0.837,0.831,1571500.0,1310506.0
2019-09-30,0.833,0.829,0.836,0.829,1220400.0,1017168.0
2019-10-08,0.832,0.85,0.853,0.83,5223400.0,4418593.0
2019-10-09,0.847,0.864,0.865,0.842,5125900.0,4401879.0
2019-10-10,0.864,0.864,0.869,0.858,2403300.0,2069588.0
2019-10-11,0.864,0.867,0.87,0.862,2631500.0,2278771.0
2019-10-14,0.872,0.876,0.883,0.865,3756800.0,3300550.0
2019-10-15,0.876,0.872,0.882,0.87,878700.0,768334.0
2019-10-16,0.875,0.875,0.898,0.873,6843200.0,6050477.0
2019-10-17,0.875,0.871,0.879,0.869,4157200.0,3635299.0
2019-10-18,0.875,0.855,0.876,0.851,5872900.0,5081369.0
2019-10-21,0.855,0.869,0.872,0.855,3278400.0,2824723.0
2019-10-22,0.869,0.87,0.877,0.862,830000.0,719220.0
2019-10-23,0.868,0.861,0.868,0.857,1913900.0,1652206.0
2019-10-24,0.86,0.863,0.865,0.86,833500.0,718527.0
2019-10-25,0.865,0.872,0.872,0.856,752800.0,653328.0
2019-10-28,0.872,0.868,0.872,0.86,2229400.0,1931368.0
2019-10-29,0.865,0.86,0.865,0.86,1627800.0,1402558.0
2019-10-30,0.861,0.851,0.861,0.849,1897100.0,1616678.0
2019-10-31,0.855,0.845,0.855,0.842,1136200.0,961668.0
2019-11-01,0.849,0.861,0.861,0.84,965400.0,821885.0
2019-11-04,0.861,0.858,0.862,0.854,1829200.0,1568870.0
2019-11-05,0.858,0.862,0.868,0.854,1908600.0,1644613.0
2019-11-06,0.865,0.863,0.865,0.853,1698900.0,1456814.0
2019-11-07,0.859,0.857,0.862,0.856,2028500.0,1742236.0
2019-11-08,0.86,0.852,0.863,0.851,642900.0,551333.0
2019-11-11,0.85,0.837,0.85,0.832,2307900.0,1936002.0
2019-11-12,0.837,0.834,0.837,0.83,1002200.0,836159.0
2019-11-13,0.831,0.824,0.832,0.822,1977700.0,1634953.0
2019-11-14,0.831,0.825,0.831,0.823,790100.0,652428.0
2019-11-15,0.832,0.819,0.832,0.818,1180000.0,970560.0
2019-11-18,0.818,0.825,0.827,0.815,894100.0,735738.0
2019-11-19,0.825,0.834,0.835,0.824,925200.0,769080.0
2019-11-20,0.834,0.83,0.837,0.829,1543200.0,1287585.0
2019-11-21,0.831,0.829,0.831,0.824,1065300.0,883346.0
2019-11-22,0.827,0.827,0.838,0.822,1057100.0,873621.0
2019-11-25,0.828,0.85,0.851,0.828,8227700.0,6956341.0
2019-11-26,0.851,0.843,0.852,0.841,6081000.0,5138903.0
2019-11-27,0.845,0.841,0.851,0.841,2851300.0,2417119.0
2019-11-28,0.847,0.835,0.847,0.833,973900.0,815521.0
2019-11-29,0.834,0.833,0.838,0.831,2767200.0,2312372.0
2019-12-02,0.836,0.848,0.848,0.836,2697400.0,2278027.0
2019-12-03,0.837,0.847,0.85,0.837,3241600.0,2744207.0
2019-12-04,0.84,0.84,0.845,0.838,599800.0,504789.0
2019-12-05,0.84,0.845,0.845,0.84,1955900.0,1648473.0
2019-12-06,0.845,0.848,0.848,0.841,1875900.0,1581848.0
2019-12-09,0.849,0.864,0.864,0.848,7027000.0,6030156.0
2019-12-10,0.864,0.861,0.864,0.857,3219300.0,2766050.0
2019-12-11,0.863,0.866,0.874,0.863,6609500.0,5729890.0
2019-12-12,0.865,0.862,0.866,0.86,5240100.0,4514746.0
2019-12-13,0.864,0.873,0.873,0.864,5567100.0,4836840.0
2019-12-16,0.875,0.882,0.882,0.867,4310400.0,3768617.0
2019-12-17,0.884,0.898,0.913,0.878,13156100.0,11730590.0
2019-12-18,0.897,0.899,0.907,0.894,8484300.0,7636191.0
2019-12-19,0.899,0.899,0.904,0.894,12520300.0,11253277.0
2019-12-20,0.899,0.906,0.914,0.899,14069300.0,12768075.0
2019-12-23,0.903,0.884,0.912,0.882,11144200.0,10012146.0
2019-12-24,0.886,0.883,0.888,0.873,8076200.0,7108274.0
2019-12-25,0.877,0.884,0.885,0.877,5474700.0,4817044.0
2019-12-26,0.884,0.903,0.906,0.884,18865300.0,16941252.0
2019-12-27,0.902,0.898,0.908,0.894,14069000.0,12684038.0
2019-12-30,0.897,0.91,0.915,0.897,59515400.0,54136940.5
2019-12-31,0.91,0.92,0.922,0.907,19421400.0,17742153.0
2020-01-02,0.938,0.928,0.947,0.927,20599700.0,19255128.3
2020-01-03,0.928,0.923,0.928,0.915,18820800.0,17330056.6
2020-01-06,0.916,0.916,0.919,0.908,19619500.0,17906149.9
2020-01-07,0.916,0.921,0.921,0.913,14215100.0,13029375.7
2020-01-08,0.918,0.902,0.918,0.901,19347800.0,17588743.5
2020-01-09,0.913,0.921,0.923,0.912,16019200.0,14704359.0
2020-01-10,0.923,0.914,0.927,0.91,10869900.0,9944629.8
2020-01-13,0.91,0.92,0.921,0.908,10077200.0,9208308.1
2020-01-14,0.924,0.917,0.925,0.917,13984100.0,12877219.4
2020-01-15,0.916,0.908,0.917,0.905,9807300.0,8920451.1
2020-01-16,0.907,0.903,0.911,0.902,10017400.0,9071687.7
2020-01-17,0.907,0.902,0.909,0.899,10228700.0,9241781.5
2020-01-20,0.903,0.9,0.903,0.893,15326600.0,13745812.8
2020-01-21,0.895,0.883,0.9,0.88,22794200.0,20193911.8
2020-01-22,0.88,0.893,0.895,0.873,32691900.0,28982930.1
2020-01-23,0.886,0.861,0.886,0.854,51387500.0,44970370.4
2020-02-03,0.775,0.775,0.802,0.775,27351700.0,21351509.0
2020-02-04,0.763,0.778,0.785,0.761,25985300.0,20090484.1
2020-02-05,0.779,0.785,0.795,0.775,10946000.0,8592898.4
2020-02-06,0.79,0.796,0.802,0.779,34964500.0,27508811.8
2020-02-07,0.794,0.794,0.794,0.782,22414000.0,17637077.8
2020-02-10,0.793,0.811,0.813,0.785,40940300.0,32919809.3
2020-02-11,0.814,0.816,0.824,0.808,33118000.0,27097998.3
2020-02-12,0.816,0.82,0.82,0.811,16262600.0,13257336.9
2020-02-13,0.816,0.829,0.845,0.816,38573200.0,32250859.9
2020-02-14,0.829,0.856,0.858,0.829,88865200.0,75323703.9
2020-02-17,0.857,0.87,0.874,0.848,66509400.0,57028678.4
2020-02-18,0.866,0.856,0.866,0.848,39898600.0,34140937.0
2020-02-19,0.852,0.861,0.867,0.852,48404400.0,41641309.0
2020-02-20,0.851,0.87,0.87,0.849,39888700.0,34312575.6
2020-02-21,0.87,0.863,0.871,0.859,33023800.0,28506708.0
2020-02-24,0.855,0.85,0.856,0.842,37394000.0,31734367.7
2020-02-25,0.835,0.847,0.852,0.83,36226700.0,30561466.0
2020-02-26,0.84,0.867,0.888,0.836,135534400.0,118286264.2
2020-02-27,0.873,0.858,0.875,0.855,60176000.0,51945084.7
2020-02-28,0.84,0.834,0.861,0.82,64768700.0,54822272.4
2020-03-02,0.839,0.879,0.891,0.839,107433800.0,93495677.8
2020-03-03,0.887,0.88,0.895,0.868,83046700.0,72768776.9
2020-03-04,0.877,0.912,0.913,0.872,204148300.0,182566897.3
2020-03-05,0.9,0.916,0.919,0.896,148700800.0,135196129.2
2020-03-06,0.9,0.895,0.905,0.888,83575600.0,74756445.7
2020-03-09,0.871,0.866,0.877,0.865,75679600.0,65866159.6
2020-03-10,0.852,0.878,0.879,0.851,46599600.0,40471316.4
2020-03-11,0.879,0.873,0.889,0.873,42567400.0,37477006.8
2020-03-12,0.86,0.86,0.87,0.853,29769200.0,25637253.1
2020-03-13,0.83,0.851,0.856,0.817,48054000.0,40197823.1
2020-03-16,0.853,0.827,0.86,0.822,43282200.0,36571437.1
2020-03-17,0.831,0.816,0.839,0.793,32525800.0,26467163.5
2020-03-18,0.817,0.787,0.823,0.786,42025700.0,33989115.8
2020-03-19,0.785,0.773,0.787,0.752,45805500.0,35241647.0
2020-03-20,0.783,0.795,0.795,0.775,38422500.0,30238875.9
2020-03-23,0.771,0.76,0.775,0.759,22805400.0,17478878.2
2020-03-24,0.767,0.776,0.779,0.76,22144300.0,17024323.7
2020-03-25,0.788,0.811,0.814,0.786,66697000.0,53481125.1
2020-03-26,0.806,0.803,0.81,0.797,29247200.0,23538802.9
2020-03-27,0.808,0.81,0.826,0.806,58210400.0,47391148.3
2020-03-30,0.798,0.799,0.804,0.793,34065500.0,27198367.3
2020-03-31,0.802,0.793,0.808,0.788,17713400.0,14107417.4
2020-04-01,0.791,0.795,0.807,0.791,18957900.0,15188357.0
2020-04-02,0.791,0.804,0.805,0.79,15243600.0,12148436.4
2020-04-03,0.805,0.802,0.807,0.797,14622700.0,11739955.3
2020-04-07,0.812,0.814,0.816,0.809,15747500.0,12799280.9
2020-04-08,0.808,0.81,0.812,0.804,14362100.0,11619001.3
2020-04-09,0.81,0.81,0.815,0.808,10128400.0,8213260.3
2020-04-10,0.81,0.806,0.823,0.801,42049600.0,34081558.3
2020-04-13,0.801,0.802,0.805,0.797,12879100.0,10326845.6
2020-04-14,0.798,0.816,0.818,0.798,22561100.0,18339876.0
2020-04-15,0.813,0.806,0.816,0.804,10417600.0,8437533.9
2020-04-16,0.801,0.807,0.809,0.801,12017400.0,9686023.8
2020-04-17,0.811,0.811,0.817,0.809,16717400.0,13575723.0
2020-04-20,0.817,0.812,0.817,0.8,47630800.0,38471259.3
2020-04-21,0.81,0.802,0.811,0.796,16741200.0,13423326.7
2020-04-22,0.795,0.806,0.806,0.793,15164000.0,12152787.3
2020-04-23,0.807,0.805,0.809,0.802,12837300.0,10350012.1
2020-04-24,0.803,0.799,0.804,0.796,13773900.0,11012438.4
2020-04-27,0.799,0.804,0.811,0.799,22343300.0,17972833.4
2020-04-28,0.811,0.804,0.811,0.791,22335800.0,17938791.3
2020-04-29,0.803,0.819,0.819,0.801,25518100.0,20734816.3
2020-04-30,0.819,0.828,0.829,0.815,19866700.0,16364113.0
2020-05-06,0.816,0.822,0.822,0.814,16388800.0,13404893.0
2020-05-07,0.822,0.815,0.822,0.814,12292700.0,10044012.4
2020-05-08,0.82,0.827,0.827,0.815,30971800.0,25490510.4
2020-05-11,0.827,0.826,0.829,0.821,17962900.0,14826592.0
2020-05-12,0.824,0.818,0.824,0.814,11508600.0,9411915.9
2020-05-13,0.818,0.818,0.819,0.812,9527900.0,7765532.3
2020-05-14,0.816,0.809,0.816,0.808,13311600.0,10796992.1
2020-05-15,0.808,0.812,0.815,0.808,11052200.0,8978086.2
2020-05-18,0.813,0.816,0.82,0.811,14043000.0,11480436.5
2020-05-19,0.816,0.817,0.824,0.814,14873600.0,12155215.3
2020-05-20,0.815,0.81,0.815,0.808,10183000.0,8248992.8
2020-05-21,0.81,0.804,0.814,0.804,21394800.0,17327473.5
2020-05-22,0.804,0.792,0.805,0.791,11612600.0,9270001.4
2020-05-25,0.792,0.798,0.802,0.79,13851700.0,11047301.7
2020-05-26,0.801,0.807,0.807,0.799,6581100.0,5279296.3
2020-05-27,0.808,0.809,0.813,0.804,14072200.0,11388248.9
2020-05-28,0.811,0.814,0.823,0.808,24177100.0,19779780.2
2020-05-29,0.811,0.809,0.813,0.806,30021900.0,24274718.4
2020-06-01,0.81,0.83,0.831,0.81,24869700.0,20507076.3
2020-06-02,0.835,0.844,0.848,0.832,32117600.0,27043345.6
2020-06-03,0.846,0.84,0.857,0.84,23941500.0,20334213.5
2020-06-04,0.84,0.839,0.847,0.836,13919500.0,11676717.2
2020-06-05,0.839,0.837,0.84,0.83,10057600.0,8385356.8
2020-06-08,0.84,0.844,0.848,0.839,17968800.0,15168339.4
2020-06-09,0.844,0.844,0.849,0.84,11040900.0,9313153.3
2020-06-10,0.844,0.838,0.847,0.835,11593000.0,9749037.3
2020-06-11,0.838,0.835,0.843,0.83,6284900.0,5260282.0
2020-06-12,0.82,0.83,0.834,0.819,6683600.0,5532338.5
2020-06-15,0.825,0.827,0.839,0.824,7387100.0,6153907.4
2020-06-16,0.835,0.84,0.84,0.832,7368800.0,6161748.5
2020-06-17,0.84,0.838,0.84,0.832,8498000.0,7099067.0
2020-06-18,0.838,0.843,0.847,0.836,11085600.0,9343554.4
2020-06-19,0.83,0.842,0.85,0.83,34389600.0,28899456.9
2020-06-22,0.839,0.843,0.848,0.839,20597600.0,17405789.2
2020-06-23,0.84,0.841,0.844,0.835,19303700.0,16214411.3
2020-06-24,0.842,0.857,0.858,0.841,50031000.0,42558919.9
2020-06-29,0.855,0.841,0.856,0.838,26795500.0,22596616.6
2020-06-30,0.845,0.859,0.861,0.842,60187900.0,51245377.0
2020-07-01,0.863,0.91,0.915,0.858,101312800.0,90275360.8
2020-07-02,0.909,0.937,0.941,0.902,155332900.0,143868072.9
2020-07-03,0.94,0.952,0.953,0.924,141834000.0,133050940.1
2020-07-06,0.982,1.047,1.047,0.968,471237800.0,472135338.1
2020-07-07,1.1,1.015,1.114,1.007,400461100.0,412811471.6
2020-07-08,1.0,1.028,1.03,0.991,316862389.0,318841738.688
2020-07-09,1.018,1.029,1.037,1.005,248698500.0,254000596.5
2020-07-10,1.015,1.016,1.032,1.008,197535877.0,201336964.74
2020-07-13,1.015,1.03,1.034,1.001,167779500.0,171446090.2
2020-07-14,1.028,1.017,1.045,1.0,171315700.0,174284781.4
2020-07-15,1.017,0.988,1.026,0.982,174500200.0,173934647.2
2020-07-16,0.982,0.956,1.001,0.954,81468200.0,80022162.6
2020-07-17,0.969,0.951,0.971,0.939,95149097.0,90494088.346
2020-07-20,0.955,0.987,0.988,0.954,126854407.0,124029678.612
2020-07-21,0.993,0.987,0.997,0.981,62290207.0,61458873.595
2020-07-22,0.987,0.99,1.002,0.978,77038000.0,76283507.7
2020-07-23,0.984,0.974,0.984,0.955,75252400.0,72948496.3
2020-07-24,0.964,0.944,0.983,0.938,152357300.0,145495924.1
2020-07-27,0.945,0.927,0.947,0.921,106905700.0,99363639.9
2020-07-28,0.928,0.933,0.936,0.925,103017600.0,95733542.9
2020-07-29,0.93,0.95,0.95,0.921,132160700.0,124251815.5
2020-07-30,0.946,0.945,0.949,0.938,110786600.0,104480815.9
2020-07-31,0.94,0.946,0.956,0.935,118797500.0,112400597.3
2020-08-03,0.952,0.967,0.969,0.951,100511250.0,96544659.05
2020-08-04,0.979,0.982,0.985,0.963,124491050.0,121119994.95
2020-08-05,0.975,0.965,0.975,0.956,81984600.0,78996023.7
2020-08-06,0.965,0.97,0.975,0.956,79643200.0,76932463.4
2020-08-07,0.965,0.959,0.967,0.95,92862300.0,89165760.3
2020-08-10,0.954,0.98,0.987,0.954,140458200.0,136789265.3
2020-08-11,0.98,0.971,0.991,0.968,137854400.0,135471881.0
2020-08-12,0.965,0.98,0.981,0.957,100641800.0,97534728.8
2020-08-13,0.982,0.978,0.984,0.973,68014900.0,66533279.8
2020-08-14,0.979,0.996,0.996,0.972,90416000.0,89115582.8
2020-08-17,1.005,1.012,1.022,0.992,139642400.0,141093821.7
2020-08-18,1.013,1.01,1.015,1.003,98479400.0,99183485.1
2020-08-19,1.01,0.995,1.01,0.993,127707700.0,127901871.8
2020-08-20,0.992,0.985,0.993,0.98,63286000.0,62454368.4
2020-08-21,0.986,0.989,0.995,0.98,62134700.0,61431919.1
2020-08-24,0.988,0.987,0.996,0.984,62091500.0,61475016.3
2020-08-25,0.987,0.984,0.997,0.981,53130400.0,52450482.3
2020-08-26,0.98,0.974,0.987,0.967,78379500.0,76763506.2
2020-08-27,0.971,0.969,0.974,0.957,55266600.0,53232859.2
2020-08-28,0.969,0.981,0.982,0.965,76342900.0,74501931.3
2020-08-31,0.98,0.974,0.993,0.972,83302200.0,82072320.4
2020-09-01,0.969,0.971,0.974,0.965,41503600.0,40189915.4
2020-09-02,0.972,0.969,0.973,0.96,78376600.0,75670142.7
2020-09-03,0.967,0.963,0.973,0.96,85796800.0,82891965.1
2020-09-04,0.953,0.964,0.966,0.949,53389500.0,51229201.6
2020-09-07,0.961,0.96,0.982,0.955,102010800.0,99202493.5
2020-09-08,0.96,0.963,0.97,0.956,62120800.0,59866678.9
2020-09-09,0.95,0.95,0.964,0.946,55611000.0,53217604.8
2020-09-10,0.957,0.952,0.978,0.951,67944700.0,65725253.8
2020-09-11,0.95,0.949,0.954,0.943,37548500.0,35605297.3
2020-09-14,0.954,0.948,0.955,0.943,31368600.0,29689030.9
2020-09-15,0.948,0.956,0.956,0.944,37864800.0,36010641.1
2020-09-16,0.954,0.964,0.968,0.948,58710100.0,56210678.8
2020-09-17,0.96,0.958,0.964,0.953,53369500.0,51171915.2
2020-09-18,0.955,0.984,0.985,0.954,90713600.0,88235727.4
2020-09-21,0.984,0.978,0.988,0.976,42717900.0,41921803.8
2020-09-22,0.972,0.965,0.98,0.962,26770200.0,25976633.5
2020-09-23,0.967,0.961,0.97,0.957,28193600.0,27117325.9
2020-09-24,0.956,0.942,0.958,0.94,39429200.0,37303848.9
2020-09-25,0.94,0.924,0.947,0.921,68011000.0,63346210.1
2020-09-28,0.923,0.928,0.933,0.923,47277800.0,43897695.6
2020-09-29,0.926,0.925,0.932,0.925,37099300.0,34439335.0
2020-09-30,0.929,0.919,0.932,0.913,39607474.0,36506571.824
2020-10-09,0.924,0.928,0.931,0.924,23349300.0,21678284.1
2020-10-12,0.935,0.951,0.954,0.933,48616200.0,45866158.1
2020-10-13,0.948,0.943,0.95,0.94,29625700.0,27929684.3
2020-10-14,0.942,0.93,0.942,0.929,28969700.0,27028310.6
2020-10-15,0.93,0.928,0.934,0.926,26655100.0,24797100.8
2020-10-16,0.928,0.929,0.932,0.924,37142100.0,34493583.4
2020-10-19,0.932,0.926,0.948,0.924,76595000.0,71607761.8
2020-10-20,0.92,0.923,0.926,0.914,41871800.0,38428333.8
2020-10-21,0.922,0.92,0.923,0.912,36893500.0,33827210.6
2020-10-22,0.919,0.918,0.92,0.915,42457900.0,38939641.0
2020-10-23,0.92,0.917,0.922,0.915,69604200.0,63961342.8
2020-10-26,0.914,0.904,0.918,0.903,43005100.0,39104661.5
2020-10-27,0.903,0.896,0.905,0.894,35534200.0,31922548.7
2020-10-28,0.897,0.891,0.898,0.884,32931500.0,29272571.0
2020-10-29,0.882,0.889,0.891,0.879,40993900.0,36261666.5
2020-10-30,0.889,0.875,0.9,0.874,46284500.0,41033931.0
2020-11-02,0.873,0.873,0.879,0.87,69279800.0,60466689.4
2020-11-03,0.875,0.886,0.887,0.869,37178000.0,32743047.5
2020-11-04,0.886,0.884,0.886,0.878,35217363.0,31079456.992
2020-11-05,0.89,0.903,0.906,0.888,92387637.0,83077346.03
2020-11-06,0.904,0.906,0.908,0.9,63064863.0,57007155.315
2020-11-09,0.907,0.914,0.917,0.907,69797668.0,63682543.352
2020-11-10,0.925,0.909,0.925,0.906,48500300.0,44415359.7
2020-11-11,0.905,0.917,0.924,0.905,70008300.0,64177276.7
2020-11-12,0.913,0.911,0.917,0.906,35705300.0,32531218.9
2020-11-13,0.911,0.894,0.911,0.892,34120668.0,30557264.356
2020-11-16,0.894,0.906,0.906,0.894,21483400.0,19337345.7
2020-11-17,0.905,0.921,0.925,0.903,111257000.0,101919841.1
2020-11-18,0.92,0.928,0.936,0.913,89627400.0,83034608.3
2020-11-19,0.922,0.93,0.932,0.922,81375800.0,75470895.378
2020-11-20,0.927,0.925,0.928,0.917,33501611.0,30893694.197
2020-11-23,0.925,0.93,0.933,0.918,86932200.0,80517641.3
2020-11-24,0.931,0.923,0.932,0.92,64084000.0,59305766.0
2020-11-25,0.926,0.915,0.931,0.915,73365200.0,67821698.7
2020-11-26,0.911,0.912,0.915,0.904,48778800.0,44359340.5
2020-11-27,0.912,0.929,0.932,0.912,78237900.0,72408315.9
2020-11-30,0.93,0.926,0.951,0.922,133858395.0,125675587.885
2020-12-01,0.923,0.929,0.93,0.908,103280900.0,94939740.5
2020-12-02,0.929,0.935,0.946,0.924,152229300.0,142647384.4
2020-12-03,0.936,0.931,0.936,0.925,66955600.0,62260787.2
2020-12-04,0.928,0.918,0.929,0.915,182074600.0,167371967.1
2020-12-07,0.919,0.908,0.919,0.906,63147100.0,57533448.5
2020-12-08,0.907,0.904,0.909,0.902,45559289.0,41224098.145
2020-12-09,0.904,0.89,0.905,0.889,86438100.0,77533185.8
2020-12-10,0.89,0.889,0.892,0.885,47364500.0,42068405.1
2020-12-11,0.89,0.878,0.892,0.872,133972800.0,117554985.9
2020-12-14,0.882,0.886,0.887,0.879,53626500.0,47332536.6
2020-12-15,0.883,0.881,0.886,0.875,56686100.0,49800863.2
2020-12-16,0.879,0.876,0.88,0.871,37812800.0,33089129.7
2020-12-17,0.875,0.882,0.882,0.866,88487300.0,77356573.9
2020-12-18,0.882,0.875,0.884,0.873,50754900.0,44565491.2
2020-12-21,0.873,0.874,0.876,0.864,52245759.0,45477603.707
2020-12-22,0.871,0.861,0.875,0.86,99982000.0,86728240.4
2020-12-23,0.862,0.859,0.863,0.854,55218400.0,47389123.5
2020-12-24,0.858,0.848,0.862,0.845,50870800.0,43310686.0
2020-12-25,0.847,0.847,0.852,0.84,75900800.0,64244138.6
2020-12-28,0.847,0.841,0.848,0.838,88837600.0,74912140.0
2020-12-29,0.843,0.848,0.852,0.843,94286343.0,79951808.921
2020-12-30,0.848,0.845,0.848,0.841,100017600.0,84354821.5
2020-12-31,0.844,0.859,0.859,0.843,88875000.0,75695029.8
2021-01-04,0.851,0.84,0.853,0.835,156501200.0,131483215.8
2021-01-05,0.838,0.838,0.838,0.821,178605900.0,147901948.9
2021-01-06,0.837,0.839,0.841,0.833,129576400.0,108485033.9
2021-01-07,0.84,0.826,0.845,0.82,174861300.0,145167334.4
2021-01-08,0.824,0.832,0.836,0.818,235128086.0,195111905.341
2021-01-11,0.832,0.83,0.841,0.828,216158757.0,180381918.17
2021-01-12,0.83,0.833,0.834,0.822,200007214.0,165359382.849
2021-01-13,0.835,0.832,0.837,0.824,378500300.0,314112369.5
2021-01-14,0.834,0.842,0.849,0.83,346754940.0,291145373.14
2021-01-15,0.842,0.843,0.854,0.839,365718403.0,309949584.828
2021-01-18,0.846,0.858,0.858,0.838,396942663.0,336273182.199
2021-01-19,0.855,0.874,0.889,0.847,601770228.0,522005139.513
2021-01-20,0.87,0.863,0.87,0.858,363561230.0,313455834.672
2021-01-21,0.861,0.857,0.863,0.855,277963471.0,238643731.945
2021-01-22,0.853,0.834,0.856,0.833,335110300.0,281787057.432
2021-01-25,0.83,0.828,0.836,0.823,278082914.0,230100766.222
2021-01-26,0.826,0.824,0.835,0.824,227217590.0,188358491.82
2021-01-27,0.824,0.821,0.83,0.819,208131036.0,171522695.549
2021-01-28,0.812,0.807,0.818,0.805,206474165.0,167182123.244
2021-01-29,0.808,0.793,0.811,0.789,179817000.0,143617472.7
2021-02-01,0.789,0.798,0.799,0.788,130321200.0,103458077.1
2021-02-02,0.798,0.801,0.806,0.795,109593200.0,87769723.4
2021-02-03,0.8,0.791,0.801,0.788,120742567.0,95597960.896
2021-02-04,0.789,0.781,0.79,0.775,132376900.0,103507224.766
2021-02-05,0.779,0.794,0.801,0.779,177050195.0,140166288.664
2021-02-08,0.796,0.793,0.801,0.79,132806000.0,105691261.3
2021-02-09,0.792,0.796,0.796,0.784,120350100.0,95116021.0
2021-02-10,0.793,0.796,0.799,0.79,111310900.0,88498386.8
2021-02-18,0.803,0.816,0.817,0.8,193945801.0,157117569.216
2021-02-19,0.812,0.832,0.834,0.809,204374774.0,168341008.88
2021-02-22,0.832,0.837,0.85,0.829,293522699.0,246813506.352
2021-02-23,0.834,0.832,0.843,0.83,147757575.0,123347400.3
2021-02-24,0.834,0.838,0.849,0.83,157652001.0,132525909.841
2021-02-25,0.842,0.89,0.909,0.842,606637083.0,537981242.558
2021-02-26,0.87,0.863,0.881,0.86,290300983.0,252514277.612
2021-03-01,0.862,0.871,0.878,0.854,212269900.0,183825677.5
2021-03-02,0.876,0.864,0.89,0.861,184179005.0,160922031.207
2021-03-03,0.859,0.872,0.876,0.856,107664039.0,93291418.574
2021-03-04,0.868,0.862,0.881,0.859,122921300.0,106980390.7
2021-03-05,0.854,0.852,0.863,0.84,107017600.0,91125525.9
2021-03-08,0.853,0.842,0.863,0.84,108793600.0,92561893.4
2021-03-09,0.842,0.83,0.846,0.821,99767800.0,83203813.6
2021-03-10,0.831,0.819,0.833,0.817,71587000.0,58945718.7
2021-03-11,0.823,0.832,0.834,0.821,67247700.0,55665054.2
2021-03-12,0.832,0.847,0.855,0.825,98383200.0,82754443.2
2021-03-15,0.845,0.844,0.851,0.838,107741400.0,90942200.8
2021-03-16,0.844,0.867,0.87,0.842,199562900.0,171115922.6
2021-03-17,0.863,0.863,0.873,0.86,144193900.0,124722402.3
2021-03-18,0.864,0.864,0.87,0.862,79740300.0,68985828.8
2021-03-19,0.86,0.845,0.86,0.842,82610000.0,70336831.7
2021-03-22,0.844,0.857,0.858,0.843,74480900.0,63436444.0
2021-03-23,0.854,0.848,0.857,0.843,57538400.0,48803683.8
2021-03-24,0.845,0.834,0.845,0.831,62961000.0,52618934.1
2021-03-25,0.83,0.832,0.836,0.828,47914200.0,39860514.1
2021-03-26,0.834,0.834,0.838,0.833,50844200.0,42478653.0
2021-03-29,0.831,0.838,0.841,0.827,67191300.0,56098453.814
2021-03-30,0.836,0.84,0.845,0.833,56261038.0,47184625.468
2021-03-31,0.836,0.838,0.839,0.832,48578100.0,40606394.7
2021-04-01,0.839,0.839,0.841,0.834,60373800.0,50525801.6
2021-04-02,0.839,0.845,0.845,0.836,72941800.0,61328055.7
2021-04-06,0.845,0.844,0.847,0.842,37505600.0,31657974.9
2021-04-07,0.841,0.852,0.853,0.841,88881000.0,75419622.0
2021-04-08,0.849,0.841,0.85,0.84,59303700.0,50024060.8
2021-04-09,0.839,0.841,0.842,0.836,44735563.0,37540824.183
2021-04-12,0.84,0.841,0.847,0.839,62631400.0,52819709.2
2021-04-13,0.841,0.835,0.844,0.832,53436200.0,44740297.7
2021-04-14,0.832,0.842,0.843,0.832,36666529.0,30793145.46
2021-04-15,0.842,0.839,0.845,0.834,40756500.0,34170558.5
2021-04-16,0.841,0.857,0.857,0.839,81319800.0,69242608.4
2021-04-19,0.856,0.854,0.856,0.85,51246971.0,43696635.221
2021-04-20,0.851,0.848,0.854,0.845,45675200.0,38809370.9
2021-04-21,0.844,0.849,0.85,0.841,46074200.0,39047160.9
2021-04-22,0.848,0.849,0.858,0.847,48591000.0,41432825.1
2021-04-23,0.847,0.839,0.848,0.834,64438737.0,54011046.154
2021-04-26,0.839,0.832,0.841,0.83,57535100.0,48074407.1
2021-04-27,0.831,0.833,0.834,0.829,37032700.0,30783080.0
2021-04-28,0.833,0.836,0.837,0.831,43781600.0,36548256.1
2021-04-29,0.837,0.842,0.843,0.834,49628700.0,41728301.4
2021-04-30,0.84,0.83,0.842,0.827,75268200.0,62599569.8
2021-05-06,0.83,0.83,0.834,0.826,41470200.0,34424735.1
2021-05-07,0.829,0.822,0.829,0.82,42935200.0,35410695.3
2021-05-10,0.822,0.813,0.822,0.807,46905000.0,38062615.4
2021-05-11,0.812,0.824,0.825,0.806,40654400.0,33203094.1
2021-05-12,0.82,0.821,0.822,0.816,32454700.0,26584706.6
2021-05-13,0.816,0.826,0.828,0.816,37314399.0,30719903.379
2021-05-14,0.825,0.834,0.836,0.825,55943000.0,46531481.6
2021-05-17,0.836,0.835,0.84,0.832,65566400.0,54800659.6
2021-05-18,0.834,0.842,0.844,0.833,52328188.0,43944923.984
2021-05-19,0.842,0.835,0.843,0.834,59881200.0,50195600.4
2021-05-20,0.835,0.834,0.835,0.83,36348500.0,30258803.5
2021-05-21,0.834,0.83,0.835,0.829,27748700.0,23088367.0
2021-05-24,0.827,0.837,0.837,0.827,33228900.0,27712447.0
2021-05-25,0.837,0.845,0.845,0.833,53129300.0,44642244.5
2021-05-26,0.845,0.855,0.862,0.844,109918300.0,93809280.217
2021-05-27,0.85,0.856,0.858,0.848,62343300.0,53312122.7
2021-05-28,0.856,0.853,0.863,0.851,63644400.0,54410763.0
2021-05-31,0.854,0.853,0.855,0.847,54822900.0,46667028.3
2021-06-01,0.854,0.849,0.856,0.845,57960000.0,49220573.8
2021-06-02,0.851,0.849,0.856,0.844,87807217.0,74750557.065
2021-06-03,0.848,0.855,0.862,0.847,101086200.0,86314497.1
2021-06-04,0.855,0.848,0.857,0.845,65281500.0,55488027.7
2021-06-07,0.845,0.834,0.845,0.831,82421400.0,68747828.824
2021-06-08,0.835,0.837,0.843,0.835,55241900.0,46314766.7
2021-06-09,0.836,0.834,0.838,0.831,57425300.0,47872590.6
2021-06-10,0.834,0.829,0.834,0.828,63205300.0,52531735.3
2021-06-11,0.828,0.823,0.83,0.821,60353100.0,49774576.2
2021-06-15,0.822,0.81,0.823,0.808,65727400.0,53427605.3
2021-06-16,0.806,0.809,0.816,0.805,53296600.0,43133733.8
2021-06-17,0.807,0.81,0.813,0.805,46673300.0,37772123.0
2021-06-18,0.81,0.81,0.811,0.802,48474444.0,39092366.864
2021-06-21,0.806,0.808,0.808,0.802,47240400.0,38035030.3
2021-06-22,0.808,0.807,0.81,0.803,53284500.0,43014685.2
2021-06-23,0.805,0.811,0.811,0.804,45570100.0,36773859.5
2021-06-24,0.81,0.805,0.812,0.804,42282600.0,34124893.7
2021-06-25,0.806,0.81,0.811,0.804,51874000.0,41915871.7
2021-06-28,0.81,0.802,0.811,0.8,73818100.0,59393058.4
2021-06-29,0.802,0.797,0.804,0.796,140134800.0,112014644.6
2021-06-30,0.796,0.798,0.8,0.795,85911100.0,68452881.1
2021-07-01,0.798,0.817,0.821,0.796,177968744.0,144148021.492
2021-07-02,0.809,0.799,0.811,0.795,126207365.0,101226100.775
2021-07-05,0.797,0.794,0.8,0.791,54701200.0,43456256.4
2021-07-06,0.794,0.807,0.81,0.794,125986635.0,101153694.6
2021-07-07,0.801,0.803,0.808,0.797,64907900.0,51990848.8
2021-07-08,0.804,0.796,0.804,0.793,59685762.0,47512206.314
2021-07-09,0.795,0.799,0.801,0.792,68481600.0,54561205.3
2021-07-12,0.801,0.795,0.804,0.793,75664999.0,60332930.7
2021-07-13,0.794,0.8,0.802,0.792,67756300.0,54092202.8
2021-07-14,0.799,0.79,0.799,0.789,72290700.0,57261744.2
2021-07-15,0.791,0.791,0.791,0.784,64680800.0,50964184.5
2021-07-16,0.79,0.79,0.793,0.788,43191901.0,34144544.89
2021-07-19,0.787,0.779,0.787,0.774,83749500.0,65120700.9
2021-07-20,0.775,0.774,0.776,0.769,83565800.0,64557232.5
2021-07-21,0.773,0.768,0.777,0.766,108222200.0,83304325.4
2021-07-22,0.769,0.775,0.776,0.768,133238000.0,102680484.548
2021-07-23,0.775,0.77,0.776,0.767,46582300.0,35910888.42
2021-07-26,0.766,0.74,0.766,0.733,166481000.0,123896837.1
2021-07-27,0.736,0.713,0.739,0.713,156977800.0,113837694.6
2021-07-28,0.712,0.707,0.715,0.702,111432000.0,78943593.4
2021-07-29,0.713,0.71,0.715,0.705,59323800.0,42093137.3
2021-07-30,0.706,0.709,0.712,0.699,54394100.0,38429976.0
2021-08-02,0.707,0.72,0.723,0.698,104210000.0,74243758.7
2021-08-03,0.716,0.716,0.722,0.715,85225200.0,61226373.7
2021-08-04,0.714,0.713,0.717,0.71,63347200.0,45125973.9
2021-08-05,0.714,0.722,0.738,0.714,117944800.0,85862602.0
2021-08-06,0.716,0.721,0.723,0.712,75403700.0,54069301.8
2021-08-09,0.72,0.747,0.754,0.718,151043000.0,111827681.8
2021-08-10,0.742,0.746,0.751,0.734,98026000.0,72462177.1
2021-08-11,0.752,0.769,0.785,0.752,212014000.0,164597458.8
2021-08-12,0.771,0.763,0.774,0.759,155303100.0,118730603.1
2021-08-13,0.76,0.76,0.765,0.753,56085400.0,42606276.3
2021-08-16,0.765,0.77,0.776,0.759,82371300.0,63415175.8
2021-08-17,0.77,0.762,0.781,0.762,92721300.0,71547525.9
2021-08-18,0.762,0.775,0.776,0.755,89770700.0,68955042.0
2021-08-19,0.771,0.763,0.772,0.76,76818200.0,58674057.8
2021-08-20,0.761,0.766,0.767,0.755,93752504.0,71394198.828
2021-08-23,0.765,0.764,0.768,0.762,52019200.0,39743740.422
2021-08-24,0.761,0.77,0.771,0.761,56847300.0,43591813.7
2021-08-25,0.77,0.768,0.772,0.765,31506900.0,24218026.4
2021-08-26,0.767,0.761,0.772,0.758,46963500.0,35898908.2
2021-08-27,0.757,0.756,0.76,0.752,61903000.0,46783484.3
2021-08-30,0.754,0.745,0.754,0.742,80239900.0,59971771.8
2021-08-31,0.742,0.765,0.765,0.741,62340500.0,46982548.2
2021-09-01,0.763,0.788,0.789,0.761,102152100.0,79684842.6
2021-09-02,0.787,0.798,0.801,0.782,80365000.0,63836963.1
2021-09-03,0.801,0.798,0.808,0.792,107725800.0,86347124.4
2021-09-06,0.801,0.792,0.801,0.79,71674189.0,56879454.699
2021-09-07,0.792,0.798,0.799,0.786,67667000.0,53637464.7
2021-09-08,0.795,0.799,0.801,0.794,43844900.0,34947549.4
2021-09-09,0.799,0.8,0.802,0.793,44323700.0,35347632.8
2021-09-10,0.8,0.804,0.812,0.797,72590700.0,58487020.7
2021-09-13,0.803,0.819,0.82,0.797,95030506.0,77383432.29
2021-09-14,0.82,0.799,0.824,0.797,101541797.0,82135929.494
2021-09-15,0.793,0.789,0.799,0.784,55033000.0,43525137.1
2021-09-16,0.789,0.77,0.793,0.769,50321700.0,39182221.2
2021-09-17,0.768,0.776,0.779,0.767,54556800.0,42120291.0
2021-09-22,0.763,0.793,0.794,0.759,81701703.0,63989360.367
2021-09-23,0.793,0.812,0.823,0.793,99107000.0,80498388.2
2021-09-24,0.812,0.8,0.817,0.799,54004996.0,43526963.2
2021-09-27,0.8,0.777,0.803,0.772,70270766.0,54993146.608
2021-09-28,0.786,0.803,0.807,0.785,119471443.0,95781491.743
2021-09-29,0.799,0.793,0.806,0.792,67621934.0,53983695.766
2021-09-30,0.802,0.806,0.812,0.797,101619100.0,81752345.1
2021-10-08,0.807,0.802,0.813,0.796,63668700.0,51021774.6
2021-10-11,0.801,0.807,0.817,0.798,55983100.0,45254060.0
2021-10-12,0.802,0.811,0.824,0.8,103742500.0,84464212.1
2021-10-13,0.81,0.808,0.812,0.796,113067400.0,91103971.7
2021-10-14,0.803,0.79,0.804,0.789,81957800.0,65025596.0
2021-10-15,0.786,0.787,0.794,0.784,61494000.0,48516314.0
2021-10-18,0.785,0.783,0.787,0.767,102511300.0,79541290.0
2021-10-19,0.779,0.781,0.782,0.769,101656000.0,78813679.0
2021-10-20,0.776,0.769,0.777,0.766,80599000.0,62043920.0
2021-10-21,0.774,0.783,0.787,0.769,194380915.0,151889935.199
2021-10-22,0.789,0.799,0.816,0.788,259124700.0,207918096.9
2021-10-25,0.78,0.78,0.794,0.773,139165500.0,108569224.1
2021-10-26,0.777,0.767,0.784,0.764,106406067.0,82101144.525
2021-10-27,0.764,0.755,0.767,0.752,73647500.0,55735076.5
2021-10-28,0.755,0.739,0.756,0.739,77507500.0,57777291.7
2021-10-29,0.74,0.735,0.745,0.728,138618200.0,101379096.3
2021-11-01,0.733,0.729,0.737,0.726,118307992.0,86260106.068
2021-11-02,0.729,0.712,0.732,0.706,161883000.0,116084201.0
2021-11-03,0.713,0.722,0.724,0.711,202289000.0,145905252.3
2021-11-04,0.723,0.718,0.723,0.712,133642500.0,95810732.7
2021-11-05,0.714,0.706,0.718,0.704,173196400.0,122584730.7
2021-11-08,0.707,0.712,0.714,0.704,163771800.0,116553408.9
2021-11-09,0.71,0.716,0.716,0.71,95910599.0,68418202.888
2021-11-10,0.716,0.732,0.735,0.706,295847539.0,213480597.309
2021-11-11,0.732,0.78,0.781,0.732,389875366.0,296781768.553
2021-11-12,0.773,0.765,0.773,0.755,239014833.0,182863286.345
2021-11-15,0.765,0.763,0.766,0.753,116937433.0,88721793.979
2021-11-16,0.761,0.757,0.767,0.754,127916400.0,97250602.0
2021-11-17,0.758,0.758,0.76,0.749,95760600.0,72155739.9
2021-11-18,0.756,0.747,0.758,0.744,87564200.0,65652142.9
2021-11-19,0.744,0.771,0.775,0.742,234175183.0,178346560.511
2021-11-22,0.77,0.759,0.77,0.753,130080039.0,98655531.123
2021-11-23,0.759,0.764,0.769,0.757,161700680.0,123421853.48
2021-11-24,0.761,0.769,0.777,0.76,115825000.0,89265813.3
2021-11-25,0.77,0.767,0.776,0.765,73373000.0,56372287.4
2021-11-26,0.766,0.761,0.767,0.758,53426100.0,40630213.4
2021-11-29,0.752,0.753,0.755,0.749,53128000.0,39955368.7
2021-11-30,0.754,0.751,0.758,0.745,69309100.0,52061473.2
2021-12-01,0.748,0.759,0.763,0.748,104676200.0,79345323.5
2021-12-02,0.756,0.762,0.766,0.752,100811600.0,76703255.8
2021-12-03,0.763,0.771,0.773,0.758,95230100.0,73031543.2
